Basic SELECT statement [19 exercises with solution]
1. Write a query to display the names (first_name, last_name) using alias name â€œFirst Name", "Last Name"Go to the editor

==>> mysql> select first_name "First Name",last_name "Last Name" from employees

2. Write a query to get unique department ID from employee table.

==>> mysql> select distinct(department_id) from employees;

3. Write a query to get all employee details from the employee table order by first name, descending.

==>> mysql> select * from employees order by first_name desc;

4. Write a query to get the names (first_name, last_name), salary, PF of all the employees (PF is calculated as 15% of salary).

==>> mysql> select first_name,last_name ,salary,0.15*salary as PF from employees;

5. Write a query to get the employee ID, names (first_name, last_name), salary in ascending order of salary.

==>>mysql> select employee_id,concat(first_name,' ',last_name) as "Full Name",salary from employees order by salary desc;

6. Write a query to get the total salaries payable to employees.

==>>
mysql> select sum(salary) from employees;
+-------------+
| sum(salary) |
+-------------+
|   691400.00 |
+-------------+
1 row in set (0.03 sec)

7. Write a query to get the maximum and minimum salary from employees table.

==>
mysql> select min(salary),max(salary) from employees;
+-------------+-------------+
| min(salary) | max(salary) |
+-------------+-------------+
|     2100.00 |    24000.00 |
+-------------+-------------+
1 row in set (0.00 sec)

8. Write a query to get the average salary and number of employees in the employees table.
==>

mysql> select avg(salary) "Average",count(employee_id) "Count" from employees;
+-------------+-------+
| Average     | Count |
+-------------+-------+
| 6461.682243 |   107 |
+-------------+-------+
1 row in set (0.00 sec)

9. Write a query to get the number of employees working with the company.
==>
mysql> select count(employee_id) "Count" from employees;
+-------+
| Count |
+-------+
|   107 |
+-------+
1 row in set (0.29 sec)
10. Write a query to get the number of jobs available in the employees table.
 
==>
11. Write a query get all first name from employees table in upper case.
==>>
mysql> select upper(first_name) from employees;
 
12. Write a query to get the first 3 characters of first name from employees table. 

==>> select first_name,substring(first_name,1,3) from employees;

13. Write a query to calculate 171*214+625. Go to the editor14. Write a query to get the names (for example Ellen Abel, Sundar Ande etc.) of all the employees from employees table. 

==>

15. Write a query to get first name from employees table after removing white spaces from both side.

==>>mysql> select first_name,trim(first_name) from employees;
 
16. Write a query to get the length of the employee names (first_name, last_name) from employees table.

==>>mysql> select length(concat(first_name,last_name)) "Length" from employees; 

17. Write a query to check if the first_name fields of the employees table contains numbers.
 
==>> SELECT FIRST_NAME FROM EMPLOYEES WHERE REGEX '[0-9]';
18. Write a query to select first 10 records from a table. 

==>>SELECT * FROM EMPLOYEES LIMIT 10;

19. Write a query to get monthly salary (round 2 decimal places) of each and every employee Go to the editor

==>>mysql> SELECT SALARY,ROUND(SALARY,2) FROM EMPLOYEES;

Note : Assume the salary field provides the 'annual salary' information.
Sample table: employees
